title,sell_price,orlg_price,rating
"SAMSUNG Galaxy F13 (Waterfall Blue, 64 GB)","₹9,499","₹14,999",4.4
"SAMSUNG Galaxy F13 (Nightsky Green, 64 GB)","₹9,499","₹14,999",4.4
"SAMSUNG Galaxy F13 (Sunrise Copper, 64 GB)","₹9,499","₹14,999",4.4
IAIR D10,"₹1,161","₹1,199",3.9
"SAMSUNG Galaxy F23 5G (Aqua Blue, 128 GB)","₹14,399","₹23,999",4.3
"POCO C31 (Royal Blue, 64 GB)","₹7,749","₹11,999",4.3
"APPLE iPhone 11 (Black, 64 GB)","₹35,990","₹43,900",4.6
Cellecor E5,"₹1,319",,4
"REDMI 10 (Pacific Blue, 64 GB)","₹8,999","₹14,999",4.3
"realme 9i 5G (Metallica Gold, 64 GB)","₹13,999","₹17,999",4.5
Cellecor E3,"₹1,179",,3.7
Cellecor E6,"₹1,329",,3.7
"realme 9i 5G (Rocking Black, 64 GB)","₹13,999","₹17,999",4.5
"REDMI 10 (Midnight Black, 64 GB)","₹8,999","₹14,999",4.3
"APPLE iPhone 11 (Black, 128 GB)","₹41,990","₹48,900",4.6
"realme C35 (Glowing Green, 64 GB)","₹11,999","₹13,999",4.4
Cellecor E9,"₹1,119",,3.7
Cellecor E3+,"₹1,149",,4.2
"REDMI 10 (Caribbean Green, 64 GB)","₹8,999","₹14,999",4.3
"APPLE iPhone 11 (Purple, 64 GB)","₹35,990","₹43,900",4.6
Cellecor E2+,"₹1,119",,
"SAMSUNG Galaxy F23 5G (Forest Green, 128 GB)","₹14,399","₹23,999",4.3
"APPLE iPhone 11 (Purple, 128 GB)","₹41,990","₹48,900",4.6
"Infinix HOT 12 Play (Champagne Gold, 64 GB)","₹8,199","₹11,999",4.3
,,,
,,,
"APPLE iPhone 13 (Blue, 128 GB)","₹59,990","₹69,900",4.7
"realme C35 (Glowing Black, 128 GB)","₹12,999","₹14,999",4.4
IAIR D10,"₹1,161","₹1,199",3.9
Cellecor E8,"₹1,469",,4
"POCO C31 (Shadow Gray, 64 GB)","₹7,749","₹11,999",4.3
"Infinix HOT 12 Play (Racing Black, 64 GB)","₹8,199","₹11,999",4.3
Cellecor E5,"₹1,319",,4
Cellecor E3,"₹1,179",,3.7
"Infinix HOT 12 Play (Daylight Green, 64 GB)","₹8,199","₹11,999",4.3
"Infinix HOT 12 Play (Horizon Blue, 64 GB)","₹8,199","₹11,999",4.3
"APPLE iPhone 11 (Green, 64 GB)","₹35,990","₹43,900",4.6
"APPLE iPhone 13 (Pink, 128 GB)","₹60,990","₹69,900",4.7
Cellecor E6,"₹1,329",,3.7
Cellecor E9,"₹1,119",,3.7
"APPLE iPhone 13 (Midnight, 128 GB)","₹59,990","₹69,900",4.7
"vivo T1 5G (Rainbow Fantasy, 128 GB)","₹19,990","₹23,990",4.3
Cellecor E3+,"₹1,149",,4.2
Cellecor E2+,"₹1,119",,
"vivo T1 5G (Starlight Black, 128 GB)","₹15,990","₹19,990",4.3
"realme C35 (Glowing Black, 64 GB)","₹11,999","₹13,999",4.4
"SAMSUNG Galaxy F13 (Waterfall Blue, 128 GB)","₹10,499","₹16,999",4.4
"SAMSUNG Galaxy F13 (Nightsky Green, 128 GB)","₹10,499","₹16,999",4.4
"APPLE iPhone 13 ((PRODUCT)RED, 128 GB)","₹59,990","₹69,900",4.7
"REDMI Note 11 SE (Bifrost Blue, 64 GB)","₹11,499","₹16,999",4.3
,,,
,,,
"vivo T1 44W (Midnight Galaxy, 128 GB)","₹14,499","₹19,990",4.5
"Infinix Hot 12 (Turquoise Cyan, 64 GB)","₹8,499","₹12,999",4.3
IAIR D10,"₹1,161","₹1,199",3.9
Cellecor E8,"₹1,469",,4
"Infinix Hot 12 (Exploratory Blue, 64 GB)","₹8,499","₹12,999",4.3
"realme 9i 5G (Rocking Black, 128 GB)","₹16,999","₹19,999",4.3
"APPLE iPhone 13 (Starlight, 128 GB)","₹60,990","₹69,900",4.7
"realme 9 5G (Meteor Black, 128 GB)","₹14,999","₹20,999",4.5
Cellecor E5,"₹1,319",,4
Cellecor E3,"₹1,179",,3.7
"realme C30 (Denim Black, 32 GB)","₹6,499","₹9,299",4.2
"REDMI 9i Sport (Metallic Blue, 64 GB)","₹7,099","₹9,999",4.4
Cellecor E6,"₹1,329",,3.7
Cellecor E9,"₹1,119",,3.7
"realme C30 (Lake Blue, 32 GB)","₹6,499","₹9,299",4.2
"REDMI Note 11 SE (Thunder Purple, 64 GB)","₹11,499","₹16,999",4.3
"realme C30 (Bamboo Green, 32 GB)","₹6,499","₹9,299",4.2
"realme C21Y (Cross Black, 64 GB)","₹8,499","₹10,999",4.5
Cellecor E3+,"₹1,149",,4.2
Cellecor E2+,"₹1,119",,
"realme C21Y (Cross Blue, 64 GB)","₹8,499","₹10,999",4.5
"realme C21Y (Cross Blue, 32 GB)","₹7,499","₹9,999",4.6
"vivo T1 44W (Starry Sky, 128 GB)","₹15,999","₹20,990",4.4
"APPLE iPhone 11 (Red, 128 GB)","₹38,990","₹48,900",4.6
,,,
,,,
"vivo T1 5G (Silky White, 128 GB)","₹15,990","₹19,990",4.3
"MOTOROLA e40 (Carbon Gray, 64 GB)","₹8,599","₹10,999",4.1
"realme C35 (Glowing Black, 128 GB)","₹13,999","₹15,999",4.2
"realme C35 (Glowing Green, 128 GB)","₹12,999","₹14,999",4.4
IAIR D10,"₹1,161","₹1,199",3.9
Cellecor E8,"₹1,469",,4
"realme 9 5G (Supersonic Black, 128 GB)","₹14,999","₹20,999",4.5
"MOTOROLA e40 (Pink Clay, 64 GB)","₹8,599","₹10,999",4.1
Cellecor E5,"₹1,319",,4
Cellecor E3,"₹1,179",,3.7
"vivo T1 44W (Ice Dawn, 128 GB)","₹15,999","₹20,990",4.4
"vivo T1 44W (Midnight Galaxy, 128 GB)","₹15,999","₹20,990",4.4
"realme 9i 5G (Soulful Blue, 128 GB)","₹16,999","₹19,999",4.3
"realme 9i 5G (Metallica Gold, 128 GB)","₹16,999","₹19,999",4.3
Cellecor E6,"₹1,329",,3.7
Cellecor E9,"₹1,119",,3.7
"APPLE iPhone 11 (White, 64 GB)","₹36,990","₹43,900",4.6
"OPPO F19 (Midnight Blue, 128 GB)","₹13,990","₹20,990",4.3
Cellecor E3+,"₹1,149",,4.2
Cellecor E2+,"₹1,119",,
"Infinix Smart 6 HD (Origin Blue, 32 GB)","₹5,999","₹8,999",4.5
"Infinix Note 12 (Jewel Blue, 64 GB)","₹9,999","₹15,999",4.3
"Infinix Smart 6 HD (Aqua Sky, 32 GB)","₹5,999","₹8,999",4.5
"Infinix Smart 6 HD (Force Black, 32 GB)","₹5,999","₹8,999",4.5
,,,
,,,
IAIR D10,"₹1,161","₹1,199",3.9
Cellecor E8,"₹1,469",,4
"realme 9 5G SE (Azure Glow, 128 GB)","₹22,999","₹26,999",4.3
"APPLE iPhone 13 (Green, 256 GB)","₹67,990","₹79,900",4.7
Cellecor E5,"₹1,319",,4
Cellecor E3,"₹1,179",,3.7
"realme 8i (Space Purple, 64 GB)","₹13,999","₹15,999",4.5
"Realme C30 - Locked with Airtel Prepaid (Lake Blue, 32 GB)","₹5,699","₹8,499",4.4
"vivo T1X (Space Blue, 128 GB)","₹12,999","₹17,990",4.5
"vivo T1X (Gravity Black, 128 GB)","₹12,999","₹17,990",4.5
Cellecor E6,"₹1,329",,3.7
Cellecor E9,"₹1,119",,3.7
"realme C35 (Glowing Green, 128 GB)","₹13,999","₹15,999",4.2
"realme 8s 5G (Universe Blue, 128 GB)","₹17,999","₹20,999",4.4
Cellecor E3+,"₹1,149",,4.2
Cellecor E2+,"₹1,119",,
"realme 8s 5G (Universe Purple, 128 GB)","₹17,999","₹20,999",4.4
Nokia 105 SS,"₹1,299","₹1,599",4.2
"REDMI Note 10S (Deep Sea Blue, 64 GB)","₹12,499","₹16,999",4.4
"MOTOROLA g31 (Meteorite Grey, 128 GB)","₹11,999","₹16,999",4.1
"realme C25_Y (Glacier Blue, 64 GB)","₹8,999","₹12,999",4.5
"realme C25_Y (Metal Grey, 64 GB)","₹8,999","₹12,999",4.5
"MOTOROLA G32 (Satin Silver, 64 GB)","₹10,999","₹16,999",4.2
"APPLE iPhone 12 Mini (Black, 64 GB)","₹38,990","₹59,900",4.5
,,,
,,,
IAIR D10,"₹1,161","₹1,199",3.9
Cellecor E8,"₹1,469",,4
"POCO M4 Pro 5G (Power Black, 128 GB)","₹14,999","₹19,999",4.2
"MOTOROLA G62 5G (Midnight Gray, 128 GB)","₹15,999","₹21,999",4.1
"APPLE iPhone 12 Mini (Black, 64 GB)","₹38,990","₹59,900",4.5
"Infinix Smart 6 (Light Sea Green, 64 GB)","₹6,499","₹8,999",4.4
Cellecor E5,"₹1,319",,4
Cellecor E3,"₹1,179",,3.7
"SAMSUNG Galaxy F22 (Denim Black, 64 GB)","₹10,499","₹14,999",4.3
"APPLE iPhone 13 (Starlight, 256 GB)","₹67,990","₹79,900",4.7
Cellecor E6,"₹1,329",,3.7
Cellecor E9,"₹1,119",,3.7
"APPLE iPhone 13 (Pink, 256 GB)","₹67,990","₹79,900",4.7
"MOTOROLA G60 (Moonless, 128 GB)","₹14,999","₹21,999",4.2
"APPLE iPhone 12 Mini (White, 64 GB)","₹38,990","₹59,900",4.5
"POCO M4 5G (Cool Blue, 64 GB)","₹11,499","₹15,999",4.2
Cellecor E3+,"₹1,149",,4.2
Cellecor E2+,"₹1,119",,
"vivo T1 Pro 5G (Turbo Black, 128 GB)","₹24,999","₹30,990",4.3
"realme C11 2021 (Cool Grey, 32 GB)","₹6,249","₹7,999",4.4
"vivo T1X (Space Blue, 128 GB)","₹14,999","₹18,990",4.4
"realme C11 2021 (Cool Blue, 32 GB)","₹6,249","₹7,999",4.4
"Infinix Note 12 (Force Black, 64 GB)","₹9,999","₹15,999",4.3
"OPPO F19 (Prism Black, 128 GB)","₹13,990","₹20,990",4.3
,,,
,,,
"Infinix Smart 6 (Starry Purple, 64 GB)","₹6,499","₹8,999",4.4
"Moto G71 5G (Arctic Blue, 128 GB)","₹16,999","₹22,999",4.2
IAIR D10,"₹1,161","₹1,199",3.9
Cellecor E8,"₹1,469",,4
"Infinix Smart 6 (Heart Of Ocean, 64 GB)","₹6,499","₹8,999",4.4
"SAMSUNG Galaxy M33 5G (Mystique Green, 128 GB)","₹15,989","₹16,989",4.2
Cellecor E5,"₹1,319",,4
Cellecor E3,"₹1,179",,3.7
"MOTOROLA g52 (Metallic White, 128 GB)","₹13,999","₹19,999",4.2
"POCO M4 Pro 5G (Cool Blue, 128 GB)","₹14,999","₹19,999",4.2
"MOTOROLA g72 (Polar Blue, 128 GB)","₹18,999","₹21,999",4.1
"APPLE iPhone 12 Mini (Blue, 64 GB)","₹38,990","₹59,900",4.5
Cellecor E6,"₹1,329",,3.7
Cellecor E9,"₹1,119",,3.7
"POCO M4 5G (Power Black, 64 GB)","₹11,499","₹15,999",4.2
"Realme C30 - Locked with Airtel Prepaid (Denim Black, 32 GB)","₹5,699","₹8,499",4.4
Cellecor E3+,"₹1,149",,4.2
Cellecor E2+,"₹1,119",,
"REDMI 10A (Slate grey, 64 GB)","₹8,599",,4.2
"realme 9 5G SE (Starry Glow, 128 GB)","₹22,999","₹26,999",4.3
"REDMI Note 10T 5G (Mint Green, 128 GB)","₹14,999","₹18,999",4.2
"SAMSUNG Galaxy S21 FE 5G (Lavender, 128 GB)","₹35,999","₹74,999",4.4
"Infinix Hot 12 Pro (Lightsaber Green, 64 GB)","₹9,499","₹13,999",4.3
"POCO M4 Pro (Power Black, 64 GB)","₹12,999","₹17,999",4.3
,,,
,,,
"Google Pixel 7 (Snow, 128 GB)","₹59,999",,4.6
"SAMSUNG Galaxy F23 5G (Aqua Blue, 128 GB)","₹13,399","₹22,999",4.2
"OPPO K10 (Black Carbon, 128 GB)","₹14,990","₹18,999",4.4
IAIR D10,"₹1,161","₹1,199",3.9
"OPPO K10 (Blue Flame, 128 GB)","₹14,990","₹18,999",4.4
"POCO M4 5G (Cool Blue, 128 GB)","₹13,499","₹18,999",4.1
"Infinix Smart 6 Plus (Tranquil Sea Blue, 64 GB)","₹7,499","₹9,999",4.3
Cellecor E8,"₹1,469",,4
"Moto G71 5G (Neptune Green, 128 GB)","₹16,999","₹22,999",4.2
"REDMI 9 Activ (Coral Green, 64 GB)","₹8,148","₹9,199",4.2
"MOTOROLA g72 (Meteorite Grey, 128 GB)","₹18,999","₹21,999",4.1
Cellecor E5,"₹1,319",,4
"REDMI 9 Activ (Metallic Purple, 64 GB)","₹8,320","₹9,599",4.2
"MOTOROLA g22 (Iceberg Blue, 64 GB)","₹9,999","₹13,999",3.7
"APPLE iPhone 13 (Blue, 256 GB)","₹67,990","₹79,900",4.7
Cellecor E3,"₹1,179",,3.7
"POCO X4 Pro 5G (Laser Blue, 128 GB)","₹16,999","₹23,999",4.2
"MOTOROLA G62 5G (Midnight Gray, 128 GB)","₹17,999","₹24,999",4.1
"Redmi 9A Sport (Carbon Black, 32 GB)","₹7,605","₹8,060",4.2
Cellecor E6,"₹1,329",,3.7
"Redmi 9A Sport (Carbon Black, 32 GB)","₹6,509","₹7,065",4.2
"SAMSUNG Galaxy M33 5G (Deep Ocean Blue, 128 GB)","₹17,990",,4.2
"POCO M4 Pro 5G (Yellow, 128 GB)","₹14,999","₹19,999",4.2
Cellecor E9,"₹1,119",,3.7
,,,
,,,
"Infinix Zero 5G (Horizon Blue, 128 GB)","₹14,999","₹24,999",4.2
"REDMI Note 10 Pro Max (Dark Night, 128 GB)","₹17,999","₹22,999",4.3
"MOTOROLA G60 (Soft Silver, 128 GB)","₹14,999","₹21,999",4.2
Motorola a10,"₹1,399","₹1,630",4.2
IAIR D10,"₹1,161","₹1,199",3.9
Cellecor E8,"₹1,469",,4
"SAMSUNG Galaxy S21 FE 5G (White, 128 GB)","₹35,999","₹74,999",4.4
"REDMI Note 10 Pro Max (Dark Nebula, 128 GB)","₹17,999","₹22,999",4.3
Cellecor E5,"₹1,319",,4
Cellecor E3,"₹1,179",,3.7
"vivo T1 Pro 5G (Turbo Cyan, 128 GB)","₹24,999","₹30,990",4.3
MarQ by Flipkart M70 Shakti,₹899,"₹1,599",3.9
"POCO M4 Pro (Cool Blue, 64 GB)","₹12,999","₹17,999",4.3
"SAMSUNG Galaxy M33 5G (Emarld Brown, 128 GB)","₹15,999","₹16,749",4.2
Cellecor E6,"₹1,329",,3.7
Cellecor E9,"₹1,119",,3.7
"POCO M4 Pro 5G (Yellow, 64 GB)","₹12,999","₹16,999",4.3
"SAMSUNG Galaxy S21 FE 5G (Olive, 128 GB)","₹35,999","₹74,999",4.4
Cellecor E3+,"₹1,149",,4.2
Cellecor E2+,"₹1,119",,
"MOTOROLA g31 (Baby Blue, 128 GB)","₹11,999","₹16,999",4.1
"APPLE iPhone 13 ((PRODUCT)RED, 256 GB)","₹67,990","₹79,900",4.7
"POCO X4 Pro 5G (Laser Blue, 128 GB)","₹18,499","₹25,999",4.1
"SAMSUNG Galaxy M33 5G (Emarld Brown, 128 GB)","₹21,490",,4.2
,,,
,,,
IAIR D10,"₹1,161","₹1,199",3.9
Cellecor E8,"₹1,469",,4
"REDMI 10 Prime (Phantom Black, 128 GB)","₹12,999","₹16,999",4.2
"SAMSUNG Galaxy S21 FE 5G (Graphite, 128 GB)","₹35,999","₹74,999",4.4
Cellecor E5,"₹1,319",,4
Cellecor E3,"₹1,179",,3.7
"REDMI Note 10 Pro Max (Dark Night, 128 GB)","₹17,999","₹22,999",4.3
"vivo T1 44W (Midnight Galaxy, 128 GB)","₹17,999","₹23,990",4.3
"vivo T1 44W (Starry Sky, 128 GB)","₹17,999","₹23,990",4.3
"POCO M4 Pro (Yellow, 128 GB)","₹13,999","₹19,999",4.3
Cellecor E6,"₹1,329",,3.7
Cellecor E9,"₹1,119",,3.7
"MOTOROLA g31 (Baby Blue, 64 GB)","₹10,499","₹13,999",4.2
LAVA A1 Josh 2021,"₹1,055","₹1,249",4.1
Cellecor E3+,"₹1,149",,4.2
Cellecor E2+,"₹1,119",,
"realme Narzo 50 (Speed Blue, 128 GB)","₹13,749","₹17,999",4.4
"realme Narzo 50 (Speed Blue, 64 GB)","₹10,832","₹15,999",4.5
"realme 8 (Cyber Silver, 128 GB)","₹12,999","₹16,999",4.4
"REDMI Note 10S (Frost White, 64 GB)","₹12,499","₹16,999",4.4
"APPLE iPhone 12 Mini (White, 128 GB)","₹45,990","₹64,900",4.5
"REDMI 10 (Midnight Black, 128 GB)","₹12,499","₹16,999",4.2
"SAMSUNG Galaxy F22 (Denim Black, 128 GB)","₹12,499","₹16,999",4.3
MarQ by Flipkart M70 Shakti,₹899,"₹1,599",3.9
,,,
,,,
IAIR D10,"₹1,161","₹1,199",3.9
Cellecor E8,"₹1,469",,3.8
"APPLE iPhone 12 Mini (Black, 128 GB)","₹45,990","₹64,900",4.5
"Redmi Note 11 PRO Plus 5G (Stealth Black, 256 GB)","₹23,399",,4.2
"Redmi Note 11 PRO Plus 5G (Mirage Blue, 256 GB)","₹23,399",,4.2
"OPPO K10 5G (Midnight Black, 128 GB)","₹17,499","₹25,999",4.4
Cellecor E5,"₹1,319",,4
Cellecor E3,"₹1,179",,3.7
"SAMSUNG Galaxy M32 (Light Blue, 64 GB)","₹12,135",,4.2
"MOTOROLA G60 (Frosted Champagne, 128 GB)","₹14,999","₹21,999",4.2
Cellecor E6,"₹1,329",,3.7
Cellecor E9,"₹1,119",,3.7
Micromax X413,₹949,,4
"OPPO F19 Pro+ 5G (Space Silver, 128 GB)","₹17,990","₹29,990",4.3
"OPPO F19 Pro+ 5G (Fluid Black, 128 GB)","₹17,990","₹29,990",4.3
"POCO M5 (Power Black, 64 GB)","₹10,499","₹15,999",4.4
Cellecor E3+,"₹1,149",,4.2
Cellecor E2+,"₹1,119",,
SAMSUNG GT-E1215ZKAINS,"₹1,299","₹1,410",4.3
"POCO M5 (Yellow, 64 GB)","₹10,499","₹15,999",4.4
"Redmi Note 11 (Starburst White, 64 GB)","₹12,499",,4.2
"Redmi Note 11 (Starburst White, 64 GB)","₹11,748",,4.2
"Infinix Smart 6 Plus (Crystal Violet, 64 GB)","₹7,499","₹9,999",4.3
LAVA GEM,"₹1,680","₹1,849",4.2
,,,
,,,
"Infinix Zero 5G (Cosmic Black, 128 GB)","₹14,999","₹24,999",4.2
"REDMI Note 10S (Frost White, 64 GB)","₹12,499","₹16,999",4.4
IAIR D10,"₹1,161","₹1,199",3.9
Cellecor E8,"₹1,469",,3.8
Nokia 2660 Flip,"₹5,790",,3.8
Nokia 2660 Flip,"₹5,790",,3.8
Cellecor E5,"₹1,319",,4
Cellecor E3,"₹1,179",,3.7
"REDMI 10 Prime (Bifrost Blue, 128 GB)","₹12,999","₹16,999",4.2
"REDMI 10 Prime (Astral White, 128 GB)","₹12,999","₹16,999",4.2
"REDMI 10A (Slate grey, 64 GB)","₹8,531","₹11,999",4.2
"REDMI 10A (Sea Blue, 64 GB)","₹8,585","₹9,473",4.2
Cellecor E6,"₹1,329",,3.7
Cellecor E9,"₹1,119",,3.7
"POCO M4 5G (Yellow, 128 GB)","₹13,499","₹18,999",4.1
"Tecno Spark 9 (Sky Mirror, 128 GB)","₹9,599",,4
Cellecor E3+,"₹1,149",,4.2
Cellecor E2+,"₹1,119",,
"REDMI Note 10T 5G (Chromium White, 64 GB)","₹12,999","₹16,999",4.3
"Itel Magic2 4G (WiFi, Hotspot Tethering)","₹2,390","₹2,409",4
"vivo Y16 (Steller Black, 64 GB)","₹12,499","₹15,999",4.4
"vivo Y16 (Steller Black, 32 GB)","₹9,900",,4.4
"realme Narzo 30 5G (Racing Silver, 128 GB)","₹16,999","₹17,999",4.3
"SAMSUNG GALAXY M13 (Stardust Brown, 64 GB)","₹9,970",,4.2
,,,
"Infinix Note 11 (Graphite Black, 64 GB)","₹9,999","₹14,999",4.3
"Infinix Note 11 (Glacier Green, 64 GB)","₹9,999","₹14,999",4.3
IAIR D10,"₹1,161","₹1,199",3.9
Cellecor E8,"₹1,469",,4
"realme GT Neo 3T (Drifting White, 256 GB)","₹29,999","₹38,999",4.3
"realme GT Neo 3T (Dash Yellow, 256 GB)","₹29,999","₹38,999",4.3
"realme GT Neo 3T (Drifting White, 128 GB)","₹27,999","₹36,999",4.3
"realme GT Neo 3T (Drifting White, 128 GB)","₹25,999","₹34,999",4.3
Cellecor E5,"₹1,319",,4
Cellecor E3,"₹1,179",,3.7
"realme GT Neo 3T (Shade Black, 128 GB)","₹27,999","₹36,999",4.3
Micromax X818,"₹1,539",,3.9
Cellecor E6,"₹1,329",,3.7
Cellecor E9,"₹1,119",,3.7
"realme GT Neo 3T (Dash Yellow, 128 GB)","₹27,999","₹36,999",4.3
"realme 9 Pro 5G (Sunrise Blue, 128 GB)","₹18,999","₹21,999",4.4
"Infinix Hot 12 Pro (Racing Black, 64 GB)","₹9,499","₹13,999",4.3
"REDMI Note 10 Pro Max (Vintage Bronze, 128 GB)","₹17,999","₹22,999",4.3
Cellecor E3+,"₹1,149",,4.2
Cellecor E2+,"₹1,119",,
"realme 9 Pro 5G (Midnight Black, 128 GB)","₹18,999","₹21,999",4.4
"realme 9 Pro 5G (Sunrise Blue, 128 GB)","₹20,999","₹23,999",4.3
DIZO Star 300,"₹1,421",,3.9
"MOTOROLA g52 (Metallic White, 64 GB)","₹12,999","₹17,999",4.2
,,,
,,,
"REDMI 11 Prime 5G (Meadow Green, 64 GB)","₹13,385",,4.4
"realme 9 (Sunburst Gold, 128 GB)","₹16,999","₹20,999",4.4
GFive V8,₹749,,3.9
"10 Prime (Astral White, 64 GB)","₹10,999",,4.4
IAIR D10,"₹1,161","₹1,199",3.9
Cellecor E8,"₹1,469",,4
"APPLE iPhone 12 Mini (Green, 128 GB)","₹47,990","₹64,900",4.5
"POCO X4 Pro 5G (Yellow, 128 GB)","₹18,499","₹25,999",4.1
Cellecor E5,"₹1,319",,4
Cellecor E3,"₹1,179",,3.7
"POCO M5 (Power Black, 128 GB)","₹12,499","₹18,999",4.3
"MOTOROLA g82 5G(White Lily, 128 GB)","₹19,999","₹23,999",4.2
"realme C30s (Stripe Blue, 32 GB)","₹7,499","₹9,999",4.4
"Redmi 9A Sport (Coral Green, 32 GB)","₹6,517","₹7,019",4.2
Cellecor E6,"₹1,329",,3.7
Cellecor E9,"₹1,119",,3.7
DIZO Star 500,"₹1,799","₹1,999",4
"vivo Y35 (Agate Black, 128 GB)","₹18,249","₹18,495",4.5
Cellecor E3+,"₹1,149",,4.2
Cellecor E2+,"₹1,119",,
"realme GT Neo 3T (Dash Yellow, 128 GB)","₹25,999","₹34,999",4.3
Itel IT2163,"₹1,049","₹1,099",4.1
SAMSUNG Guru Music 2,"₹1,850","₹1,950",4.3
Nokia 150 DS 2020,"₹2,649",,4.1
,,,
,,,
IAIR D10,"₹1,161","₹1,199",3.9
Cellecor E8,"₹1,469",,4
"POCO M4 Pro (Yellow, 128 GB)","₹14,999","₹21,999",4.3
"REDMI Note 10T 5G (Mint Green, 64 GB)","₹12,999","₹16,999",4.3
Cellecor E5,"₹1,319",,4
Cellecor E3,"₹1,179",,3.7
"Infinix Hot 12 Pro (Lightsaber Green, 128 GB)","₹11,499","₹15,999",3.9
"POCO M4 Pro 5G (Yellow, 128 GB)","₹15,999","₹21,999",4.2
"Tecno Spark 8 (Turquoise Cyan, 64 GB)","₹8,647","₹9,690",4.1
"realme 8 (Cyber Silver, 128 GB)","₹17,999","₹18,999",4.4
PHILIPS Xenium E209,"₹1,549","₹1,949",3.8
Cellecor E6,"₹1,329",,3.7
"POCO M4 Pro (Cool Blue, 128 GB)","₹14,999","₹21,999",4.3
"REDMI A1+ (Light Green, 32 GB)","₹6,999","₹9,999",
Cellecor E9,"₹1,119",,3.7
Cellecor E3+,"₹1,149",,4.2
"REDMI 10A (Slate Grey, 32 GB)","₹7,243",,4.1
KARBONN KX3,₹999,,3.9
"Itel Magic2 4G( WiFi,Hotspot Tethering)","₹2,385","₹2,389",4
"REDMI 10 Prime 2022 (Phantom Black, 64 GB)","₹11,197",,4.2
Cellecor E2+,"₹1,119",,
"realme 9 (Sunburst Gold, 128 GB)","₹17,999","₹22,999",4.4
"realme 9 (Meteor Black, 128 GB)","₹16,999","₹20,999",4.4
"REDMI Note 10T 5G (Metallic Blue, 64 GB)","₹12,999","₹16,999",4.3
,,,
,,,
IAIR D10,"₹1,161","₹1,199",3.9
Cellecor E8,"₹1,469",,4
SAMSUNG Guru Music 2 SM-B315E,"₹2,022",,4.2
"SAMSUNG Galaxy Z Flip3 5G (Phantom Black, 128 GB)","₹59,999","₹95,999",4.5
"SAMSUNG GALAXY M13 (Midnight Blue, 128 GB)","₹13,299",,4.2
LAVA A1 Super 2021,"₹1,199","₹1,340",4.1
Cellecor E5,"₹1,319",,4
Cellecor E3,"₹1,179",,3.7
"realme Narzo 50A (Oxygen Blue, 64 GB)","₹11,499","₹12,999",4.4
"REDMI A1+ (Black, 32 GB)","₹6,999","₹9,999",3.2
Cellecor E6,"₹1,329",,3.7
Cellecor E9,"₹1,119",,3.7
"Infinix Note 11 (Celestial Snow, 64 GB)","₹9,999","₹14,999",4.3
"Infinix Note 11 (Glacier Green, 128 GB)","₹11,999","₹16,999",4.2
"MOTOROLA g82 5G (White Lily, 128 GB)","₹21,499","₹25,999",4
LAVA Flip,"₹1,911","₹2,099",4.1
Cellecor E3+,"₹1,149",,4.2
Cellecor E2+,"₹1,119",,
"Redmi Note 11 PRO Plus 5G (Phantom White, 128 GB)","₹19,815","₹20,750",4.2
"IQOO Z6 5G (Chromatic Blue, 128 GB)","₹15,499",,3.9
Itel Power 410,"₹1,499","₹1,559",4.1
"MOTOROLA Edge 30 (Meteor Grey, 128 GB)","₹26,999","₹34,999",4.1
"vivo V25 Pro 5G (Sailing Blue, 256 GB)","₹39,999","₹43,999",4.4
"Redmi Note 11 (Space Black, 64 GB)","₹11,798","₹13,498",4.2
,,,
,,,
"Redmi Note 11 PRO Plus 5G (Mirage Blue, 128 GB)","₹19,622","₹20,089",4.2
LAVA Flip,"₹1,911","₹2,099",4.1
IAIR D10,"₹1,161","₹1,199",3.9
Cellecor E8,"₹1,469",,4
"Redmi Note 11 PRO Plus 5G (Phantom White, 128 GB)","₹19,127",,4.2
"Redmi Note 11 PRO Plus 5G (Phantom White, 128 GB)","₹19,815","₹20,750",4.2
Cellecor E5,"₹1,319",,4
Cellecor E3,"₹1,179",,3.7
"IQOO Z6 5G (Chromatic Blue, 128 GB)","₹15,499",,3.9
LAVA Flip,"₹1,829",,4.1
"vivo V25 Pro 5G (Sailing Blue, 256 GB)","₹39,999","₹43,999",4.4
"Redmi Note 11 (Horizon Blue, 64 GB)","₹12,823","₹13,990",4.2
PHILIPS Xenium E209,"₹1,549","₹1,949",3.8
Cellecor E6,"₹1,329",,3.7
"Redmi 9A Sport (Metallic Blue, 32 GB)","₹6,500","₹7,395",4.2
"OnePlus Nord CE 2 Lite 5G (Black Dusk, 128 GB)","₹19,975",,4.4
Cellecor E9,"₹1,119",,3.7
Cellecor E3+,"₹1,149",,4.2
"OPPO K10 (Black Carbon, 128 GB)","₹16,990","₹22,999",4.4
"realme 9 Pro 5G (Midnight Black, 128 GB)","₹20,999","₹23,999",4.3
"realme 9 Pro 5G (Aurora Green, 128 GB)","₹20,999","₹23,999",4.3
"Nothing Phone (1) 5G (Black, 128 GB)","₹29,999","₹37,999",4.3
Cellecor E2+,"₹1,119",,
"Nothing Phone (1) 5G (White, 256 GB)","₹35,999","₹42,999",4.3
,,,
,,,
"MOTOROLA Edge 30 (Aurora Green, 128 GB)","₹26,999","₹34,999",4.1
Nokia 105 TA-1416 DS,"₹1,484",,4.1
IAIR D10,"₹1,161","₹1,199",3.9
Cellecor E8,"₹1,469",,4
"MOTOROLA Edge 30 Ultra (Starlight White, 256 GB)","₹64,999","₹74,999",
"realme GT 2 (Paper White, 256 GB)","₹38,999","₹44,999",4.3
"vivo y15s (MYSTIC BLUE, 32 GB)","₹9,790",,4.3
"IQOO Z6 44W (Lumina Blue, 128 GB)","₹16,169",,4.3
Cellecor E5,"₹1,319",,4
Cellecor E3,"₹1,179",,3.7
LAVA A3 Power,"₹1,299","₹1,499",4.1
LAVA A3 Power,"₹1,275","₹1,599",4.1
Cellecor E6,"₹1,329",,3.7
Cellecor E9,"₹1,119",,3.7
Itel IT5626,"₹1,849",,4
"REDMI 10 (Caribbean Green, 128 GB)","₹12,499","₹16,999",4.2
"REDMI Note 11T 5G (Stardust White, 128 GB)","₹16,842",,4.2
"realme Narzo 50A (Oxygen Green, 64 GB)","₹11,499","₹12,999",4.4
Cellecor E3+,"₹1,149",,4.2
Cellecor E2+,"₹1,119",,
"realme 8 (Cyber Black, 128 GB)","₹17,999","₹18,999",4.4
"APPLE iPhone 12 Mini (Red, 64 GB)","₹40,990","₹59,900",4.5
"SAMSUNG Galaxy F12 (Sky Blue, 64 GB)","₹10,499","₹12,999",4.3
"MOTOROLA Edge 30 Fusion (Cosmic grey, 128 GB)","₹42,999","₹49,999",4.3
,,,
,,,
"Micromax IN 2C (Brown, 32 GB)","₹5,999","₹9,499",4.1
"APPLE iPhone 12 Mini (Red, 128 GB)","₹47,990","₹64,900",4.5
Nokia 105SS PLUS,"₹1,408",,4
"OnePlus Nord CE 2 Lite 5G (Black Dusk, 128 GB)","₹19,999",,4.4
IAIR D10,"₹1,161","₹1,199",3.9
Cellecor E8,"₹1,469",,4
"REDMI 10A (Sea Blue, 32 GB)","₹7,314","₹8,895",4.3
"REDMI 9 Activ (Metallic Purple, 128 GB)","₹10,499","₹12,999",4.2
Cellecor E5,"₹1,319",,4
Cellecor E3,"₹1,179",,3.7
"REDMI 10A (Charcoal Black, 64 GB)","₹8,443","₹9,343",4.1
LAVA A1500,"₹1,399","₹1,829",4.1
"IQOO Z6 44W (Ravan Black, 128 GB)","₹17,699",,4.5
Itel Power 410,"₹1,499","₹1,559",4.1
PHILIPS Xenium E209,"₹1,549","₹1,949",3.8
Cellecor E6,"₹1,329",,3.7
LAVA A3,"₹1,389",,4.2
"vivo Y16 (Steller Black, 64 GB)","₹10,999","₹13,999",4.4
Cellecor E9,"₹1,119",,3.7
Cellecor E3+,"₹1,149",,4.2
"REDMI Note 10T 5G (Metallic Blue, 128 GB)","₹14,999","₹18,999",4.2
"vivo Y16 (Drizzling Gold, 64 GB)","₹10,999","₹13,999",4.4
Micromax X512,"₹1,299",,3.9
LAVA Flip,"₹1,749",,4.2
,,,
IAIR D10,"₹1,161","₹1,199",3.9
Cellecor E8,"₹1,469",,4
Itel power 100,"₹1,349","₹1,399",4.1
Good One 5026,₹999,,4.1
Cellecor E5,"₹1,319",,4
Cellecor E3,"₹1,179",,3.7
"realme C31 (Light Silver, 64 GB)","₹9,999","₹11,999",4.4
"Infinix Hot 11 (Silver Wave, 64 GB)","₹8,999","₹11,999",4.3
"realme C30s (Stripe Black, 32 GB)","₹7,499","₹9,999",4.4
"vivo V25 5G (Surfing Blue, 256 GB)","₹31,999","₹36,999",4.2
Cellecor E6,"₹1,329",,3.7
Cellecor E9,"₹1,119",,3.7
"realme 9 Pro+ 5G (Aurora Green, 128 GB)","₹24,999","₹27,999",4.4
Micromax X818,"₹1,535",,3.9
Cellecor E3+,"₹1,149",,4.2
Cellecor E2+,"₹1,119",,
BlackZone B310,₹859,,3.8
"POCO F4 5G (Night Black, 128 GB)","₹27,999","₹34,999",4.3
"REDMI Note 10T 5G (Chromium White, 128 GB)","₹14,999","₹18,999",4.2
Itel It2171,"₹1,099","₹1,149",4.1
"REDMI A1+ (Light Blue, 32 GB)","₹6,999","₹9,999",3.2
Itel It2171,"₹1,099","₹1,149",4.1
"POCO F4 5G (Night Black, 256 GB)","₹30,999","₹39,999",4.3
"Infinix Note 11 (Graphite Black, 128 GB)","₹11,999","₹16,999",4.2
,,,
,,,
IAIR D10,"₹1,161","₹1,199",3.9
Cellecor E8,"₹1,469",,4
"Itel A49 (Dome Blue, 32 GB)","₹5,698","₹6,399",4
"Itel A49 (Crystal Purple, 32 GB)","₹5,799","₹6,394",4
"Redmi Note 11 (Horizon Blue, 64 GB)","₹12,040","₹12,999",4.2
"Redmi Note 11 (Horizon Blue, 128 GB)","₹14,490",,4.2
Cellecor E5,"₹1,319",,4
PHILIPS Xenium E209,"₹1,549","₹1,949",3.8
"Redmi Note 11 (Space Black, 64 GB)","₹12,439",,4.2
Nokia 125 TA-1253 DS,"₹2,489",,4
Cellecor E3,"₹1,179",,3.7
Cellecor E6,"₹1,329",,3.7
"MOTOROLA e32 (Arctic Blue, 64 GB)","₹10,499","₹11,999",4
"APPLE iPhone 12 Mini (Blue, 128 GB)","₹47,990","₹64,900",4.5
Itel it2163S,₹989,₹999,4
BlackZone ECO X,"₹1,459","₹1,470",4
Cellecor E9,"₹1,119",,3.7
PHILIPS E125,"₹1,399",,3.5
Kechaoda K115,"₹1,249",,4.1
Kechaoda K115,"₹1,135",,4.1
Cellecor E3+,"₹1,149",,4.2
Cellecor E2+,"₹1,119",,
LAVA Hero 600+,₹960,₹970,4.1
"REDMI A1+ (Light Green, 32 GB)","₹7,999","₹10,999",
,,,
,,,
Itel U20,"₹1,079","₹1,179",4.1
Micromax X778,"₹1,478",,3.9
IAIR D10,"₹1,161","₹1,199",3.9
Cellecor E8,"₹1,469",,4
Itel U20,"₹1,079","₹1,179",4.1
BlackZone B310,₹859,,3.8
Cellecor E5,"₹1,319",,4
Cellecor E3,"₹1,179",,3.7
"Tecno Pop 5 LTE (Turquoise Cyan, 32 GB)","₹6,534",,4.2
Itel Ace Young Without Charger,₹799,"₹1,049",4
DIZO Star 300,"₹1,449",,3.9
"Infinix Note 12 TURBO (Force Black, 128 GB)","₹13,999","₹19,999",4.2
Cellecor E6,"₹1,329",,3.7
Cellecor E9,"₹1,119",,3.7
"Infinix Note 12 TURBO (Snowfall, 128 GB)","₹13,999","₹19,999",4.2
"Infinix Note 12 TURBO (Sapphire Blue, 128 GB)","₹13,999","₹19,999",4.2
Cellecor E3+,"₹1,149",,4.2
Cellecor E2+,"₹1,119",,
"Infinix Hot 11 2022 (Sunset Gold, 64 GB)","₹8,999","₹12,999",4.2
SAMSUNG GT-E1215ZWAINS,"₹1,299","₹1,410",4.3
"Tecno Camon 18 (Iris Purple, 128 GB)","₹12,289",,4.2
"POCO M2 Pro (Green and Greener, 64 GB)","₹13,999","₹16,999",4.3
"Xiaomi 11i Hypercharge 5G (Purple Mist, 128 GB)","₹26,999","₹33,999",4.2
"vivo Y01 (Sapphire Blue, 32 GB)","₹7,999","₹12,999",4.2
,,,
,,,
Itel Ace 2,₹990,,4
SAMSUNG Guru 1200,"₹1,660",,4.1
IAIR D10,"₹1,161","₹1,199",3.9
Cellecor E8,"₹1,469",,4
LAVA A1,"₹1,049",,4.2
"Redmi Note 11 PRO Plus 5G (Stealth Black, 128 GB)","₹19,696",,4.2
Micromax X512,"₹1,180","₹1,199",3.9
Kechaoda K66 The Music House 4,"₹1,349",,3.9
Cellecor E5,"₹1,319",,4
Cellecor E3,"₹1,179",,3.7
"Redmi 9A (Midnight Black, 32 GB)","₹7,989",,4.3
"REDMI Note 11S (Polar White, 64 GB)","₹16,849","₹16,949",4.2
PHILIPS Xenium E209,"₹1,549","₹1,949",3.8
Cellecor E6,"₹1,329",,3.7
LAVA A1 2021,"₹1,220",,4.1
"REDMI Note 11s (Space Black, 128 GB)","₹16,890",,4.1
KARBONN Jumbo K9,"₹1,320","₹1,330",4
"Tecno Spark Go 2022 (Atlantic Blue, 32 GB)","₹6,973","₹7,577",4.2
Cellecor E9,"₹1,119",,3.7
Cellecor E3+,"₹1,149",,4.2
"REDMI 11 Prime 5G (Thunder Black, 64 GB)","₹12,749",,4.4
"vivo V25 Pro 5G (Pure Black, 128 GB)","₹35,999","₹39,999",4.4
Cellecor E2+,"₹1,119",,
"Redmi Note 11 (Starburst White, 128 GB)","₹14,940",,4.2
,,,
,,,
"SAMSUNG Galaxy F12 (Celestial Black, 64 GB)","₹10,499","₹12,999",4.3
Itel Magic3 Smart Touch Keypad,"₹1,678",,4.1
"realme C21 (Cross Black, 64 GB)","₹10,499","₹10,999",4.4
"MOTOROLA edge 30 (Aurora Green, 128 GB)","₹24,999","₹30,999",4.2
IAIR D10,"₹1,161","₹1,199",3.9
Cellecor E8,"₹1,469",,4
"SAMSUNG Galaxy F12 (Sky Blue, 128 GB)","₹11,499","₹13,999",4.3
Kechaoda K55,"₹1,280",,3.8
Cellecor E5,"₹1,319",,4
Cellecor E3,"₹1,179",,3.7
Itel Muzik 400,"₹1,649","₹1,709",4.1
"SAMSUNG Galaxy A73 5G (Awesome Gray, 256 GB)","₹44,999","₹49,990",4.2
SAMSUNG GURU 1200,"₹1,655",,4
"OPPO A16E (White, 32 GB)","₹8,999","₹13,990",4.3
Cellecor E6,"₹1,329",,3.7
Cellecor E9,"₹1,119",,3.7
"Infinix Hot 11 (Emerald Green, 64 GB)","₹8,999","₹11,999",4.3
"SAMSUNG Galaxy A23 (Black, 128 GB)","₹17,499","₹23,990",4.2
Cellecor E3+,"₹1,149",,4.2
Cellecor E2+,"₹1,119",,
BlackZone ECO X,"₹1,459","₹1,470",4
BlackZone ECO X,"₹1,459","₹1,470",4
Kechaoda K66 The Music House 4,"₹1,349",,3.9
ANGAGE SAGA,₹949,₹999,3.6
,,,
,,,
IAIR D10,"₹1,161","₹1,199",3.9
Cellecor E8,"₹1,469",,4
"vivo V21e (Dark Pearl, 128 GB)","₹24,990","₹27,990",4.3
"REDMI Note 10S (Shadow Black, 64 GB)","₹12,499","₹16,999",4.4
Cellecor E5,"₹1,319",,4
Cellecor E3,"₹1,179",,3.7
"POCO M3 (Power Black, 64 GB)","₹11,499","₹12,999",4.3
"vivo V21e (Sunset Jazz, 128 GB)","₹24,990","₹27,990",4.3
Kechaoda A26,"₹1,074",,4.1
Itel it2175,"₹1,090",,4
PHILIPS Xenium E209,"₹1,549","₹1,949",3.8
Cellecor E6,"₹1,329",,3.7
"realme 9 Pro+ 5G (Sunrise Blue, 128 GB)","₹26,999","₹29,999",4.4
"realme 9 Pro+ 5G (Midnight Black, 128 GB)","₹24,999","₹27,999",4.4
Cellecor E9,"₹1,119",,3.7
PHILIPS E125,"₹1,399",,3.5
"OPPO A15s (Dynamic Black, 64 GB)","₹10,285","₹11,389",4.4
"OPPO A15S (Rainbow Silver, 64 GB)","₹10,989","₹12,989",4.4
I Kall K 18 NEW,"₹1,199",,3.6
"vivo Y21G (Midnight Blue, 64 GB)","₹13,499","₹17,990",4.3
Cellecor E3+,"₹1,149",,4.2
Cellecor E2+,"₹1,119",,
"vivo Y21G (Diamond Glow, 64 GB)","₹13,499","₹17,990",4.3
"POCO F4 5G (Night Black, 128 GB)","₹27,999","₹32,999",4.3
,,,
,,,
IAIR D10,"₹1,161","₹1,199",3.9
Cellecor E8,"₹1,469",,3.8
Kechaoda K9,"₹1,399",,4.1
"SAMSUNG Galaxy A73 5G (Awesome Gray, 256 GB)","₹44,999","₹49,990",4.2
"REDMI K50i 5G (Stealth Black, 256 GB)","₹25,294",,4.4
"REDMI K50i 5G (Stealth Black, 128 GB)","₹22,795",,4.2
Cellecor E5,"₹1,319",,4
Cellecor E3,"₹1,179",,3.7
Nokia 105DS PLUS,"₹1,579",,4.1
SAMSUNG GURU 1200,"₹1,660","₹1,799",4.1
Cellecor E6,"₹1,329",,3.7
Cellecor E9,"₹1,119",,3.7
"IQOO Z6 44W (Ravan Black, 128 GB)","₹16,095",,4.3
"REDMI Note 9 Pro Max (Interstellar Black, 64 GB)","₹16,490","₹18,999",4.4
"REDMI 9 Prime (Matte Black, 64 GB)","₹11,275","₹11,850",4.4
"Tecno Spark 9 (Infinity Black, 64 GB)","₹8,742",,4.1
Cellecor E3+,"₹1,149",,4.2
Cellecor E2+,"₹1,119",,
Nokia 110 TA-1302 DS,"₹1,890",,4
Itel Ace 2N,₹895,,4.1
Itel it2163S,₹989,₹999,4
Itel it2163S,₹989,,4
"Xiaomi 11i Hypercharge 5G (Pacific Pearl, 128 GB)","₹24,999","₹31,999",4.2
"vivo Y16 (Drizzling Gold, 32 GB)","₹9,974",,4.4
,,,
,,,
Itel Magic3 Smart Touch Keypad,"₹1,678",,4.1
"Infinix Note 11s Free Fire Edition (Mithril Grey, 128 GB)","₹13,999","₹18,999",4.3
IAIR D10,"₹1,161","₹1,199",3.9
Cellecor E8,"₹1,469",,3.8
"Infinix Note 11s Free Fire Edition (Haze Green, 128 GB)","₹13,999","₹18,999",4.3
"APPLE iPhone 14 Plus (Starlight, 128 GB)","₹89,900",,4.8
Cellecor E5,"₹1,319",,4
Cellecor E3,"₹1,179",,3.7
"SAMSUNG Galaxy S22 Plus 5G (Phantom Black, 128 GB)","₹59,999","₹1,01,999",4.5
"APPLE iPhone 14 Plus (Blue, 128 GB)","₹89,900",,4.8
KARBONN K9,"₹1,325","₹1,349",4.1
DIZO Star 300,"₹1,449",,3.9
PHILIPS Xenium E209,"₹1,549","₹1,949",3.8
Cellecor E6,"₹1,329",,3.7
Kechaoda K55,"₹1,250",,3.8
"REDMI 10 Prime (Astral White, 64 GB)","₹10,999","₹11,490",4.2
Cellecor E9,"₹1,119",,3.7
Cellecor E3+,"₹1,149",,4.2
Good One Magic,"₹1,499",,4
"Infinix Hot 11 2022 (Aurora Green, 64 GB)","₹8,999","₹12,999",4.2
"Tecno Pop 5 LTE (Ice Blue, 32 GB)","₹6,725","₹8,990",4.2
"Tecno Pova 3 (Electric Blue, 64 GB)","₹11,965",,4.3
Cellecor E2+,"₹1,119",,
BlackZone PORSCHE 911,"₹1,469",,3.8
,,,
,,,
"vivo Y01 (Elegant Black, 32 GB)","₹7,999","₹12,999",4.2
"SAMSUNG Galaxy A52 (Awesome Black, 128 GB)","₹24,590","₹24,990",4.3
IAIR D10,"₹1,161","₹1,199",3.9
Cellecor E8,"₹1,469",,4
"vivo Y31 (Racing Black, 128 GB)","₹12,359","₹20,490",4.4
"IQOO Z6 Lite 5G (Without Charger) (Mystic Night, 128 GB)","₹15,879",,4
"Infinix Note 11s (Mithril Grey, 64 GB)","₹11,999","₹16,999",4.3
LAVA A7 Star,"₹1,529","₹1,849",4.1
Cellecor E5,"₹1,319",,4
Cellecor E3,"₹1,179",,3.7
Kechaoda K66 The Music House 4,"₹1,280",,3.9
KARBONN K140 Pop,₹999,,3.9
Cellecor E6,"₹1,329",,3.7
Cellecor E9,"₹1,119",,3.7
"REDMI Note 11S (Polar White, 128 GB)","₹15,733","₹17,645",4.2
DIZO Star 300,"₹1,449",,3.9
"Xiaomi 11i 5G (Pacific Pearl, 128 GB)","₹26,999","₹31,999",4.2
"Redmi 9A (SeaBlue, 32 GB)","₹7,950",,4.3
Cellecor E3+,"₹1,149",,4.2
Cellecor E2+,"₹1,119",,
Itel Power 410,"₹1,499",,4.1
GREENBERRI F1,"₹1,399","₹1,499",3.9
Kechaoda A26,"₹1,069","₹1,190",4.1
Kechaoda A26,"₹1,059","₹1,190",4.1
,,,
,,,
LAVA A1 Super 2021,"₹1,199","₹1,340",4.1
"Xiaomi 11i 5G (Purple Mist, 128 GB)","₹24,999","₹29,999",4.2
Nuvo FLASH,₹899,,3.7
Nuvo FLASH,₹899,,3.7
IAIR D10,"₹1,161","₹1,199",3.9
Cellecor E8,"₹1,469",,4
"SAMSUNG Galaxy A23 (Black, 128 GB)","₹18,999","₹25,490",4.3
"Infinix Smart 5A (Ocean Wave, 32 GB)","₹7,199","₹7,999",4.3
Cellecor E5,"₹1,319",,4
PHILIPS Xenium E209,"₹1,549","₹1,949",3.8
"OPPO A16E (Midnight Black, 64 GB)","₹9,999","₹15,990",4.2
SAMSUNG GURU GT,"₹1,675","₹1,899",4.1
"Tecno SPARK 7 Pro (Alps Blue, 64 GB)","₹10,025",,4.2
"OPPO A16 (Crystal Black, 64 GB)","₹12,990","₹15,990",4.3
Cellecor E3,"₹1,179",,3.7
Cellecor E6,"₹1,329",,3.7
LAVA A1,"₹1,049",,4.2
"SAMSUNG Galaxy A52 (Awesome Black, 128 GB)","₹24,590","₹24,990",4.3
Cellecor E9,"₹1,119",,3.7
PHILIPS E125,"₹1,399",,3.5
Kechaoda K115,"₹1,149",,4.1
"REDMI A1+ (Black, 32 GB)","₹7,999","₹10,999",
Itel Power 430,"₹1,635",,2.4
"OPPO A33 (Moonlight Black, 32 GB)","₹10,490","₹12,990",4.4
,,,
IAIR D10,"₹1,161","₹1,199",3.9
Cellecor E8,"₹1,469",,3.8
"realme Narzo 30 (Racing Blue, 64 GB)","₹13,499","₹14,999",4.4
KARBONN K140 Pop,₹999,,3.9
Cellecor E5,"₹1,319",,4
Cellecor E3,"₹1,179",,3.7
"OPPO A31 (Fantasy White, 128 GB)","₹13,989",,4.3
"OPPO Reno7 5G (Startrails Blue, 256 GB)","₹28,999","₹37,990",4.2
"realme 9 Pro+ 5G (Aurora Green, 128 GB)","₹26,999","₹29,999",4.4
"realme 9 Pro+ 5G (Sunrise Blue, 256 GB)","₹28,999","₹31,999",4.4
Cellecor E6,"₹1,329",,3.7
Cellecor E9,"₹1,119",,3.7
"MOTOROLA e32 (Eco Black, 64 GB)","₹10,499","₹11,999",4
"realme 9 Pro+ 5G (Midnight Black, 256 GB)","₹28,999","₹31,999",4.4
Cellecor E3+,"₹1,149",,4.2
Cellecor E2+,"₹1,119",,
"realme 9 Pro+ 5G (Midnight Black, 128 GB)","₹26,999","₹29,999",4.4
"Itel A23 Pro (Lake Blue, 8 GB)","₹3,999",,3.7
"realme 9 Pro+ 5G (Sunrise Blue, 128 GB)","₹24,999","₹27,999",4.4
"realme GT 2 (Steel Black, 256 GB)","₹38,999","₹44,999",4.3
"realme GT 2 (Paper White, 128 GB)","₹30,999","₹39,999",4.3
Good One FLIP,"₹1,399","₹1,497",4.1
"REDMI Note 10S (Shadow Black, 128 GB)","₹16,499","₹20,999",4.2
"SAMSUNG Galaxy F12 (Sea Green, 128 GB)","₹11,499","₹13,999",4.3
,,,
,,,
"MOTOROLA Edge 30 Ultra (Interstellar Black, 128 GB)","₹59,999","₹69,999",4.4
"SAMSUNG Galaxy F12 (Sea Green, 128 GB)","₹11,499","₹13,999",4.3
"REDMI Note 10S (Shadow Black, 128 GB)","₹16,499","₹20,999",4.2
"POCO C3 (Lime Green, 64 GB)","₹9,499","₹10,999",4.3
Nokia 5310ds,"₹3,659",,4.1
"Xiaomi 11i Hypercharge 5G (Camo Green, 128 GB)","₹26,999","₹33,999",4.2
Cellecor E8,"₹1,469",,3.8
Nokia 105,"₹1,525",,4.1
"Infinix Smart 5A (Quetzal Cyan, 32 GB)","₹7,199","₹7,999",4.3
"Infinix Smart 5A (Midnight Black, 32 GB)","₹7,199","₹7,999",4.3
"REDMI 9i (Midnight Black, 64 GB)","₹8,999","₹9,999",4.3
"LAVA Blaze (Glass Red, 64 GB)","₹8,698",,3.9
"SAMSUNG Galaxy A13 (Green, 128 GB)","₹14,999","₹19,990",4.1
"SAMSUNG Galaxy A13 (Blue, 128 GB)","₹14,999","₹19,990",4.1
Kechaoda K80,"₹1,999",,3.9
"SAMSUNG Galaxy A53 (Awesome Blue, 128 GB)","₹31,999","₹39,990",4.1
"SAMSUNG Galaxy A33 (Awesome Blue, 128 GB)","₹25,999","₹33,990",4.1
Kechaoda K33 Rock,"₹1,249",,
LAVA A1 2021,"₹1,087","₹1,279",4.1
"REDMI Note 10S (Deep Sea Blue, 128 GB)","₹16,499","₹20,999",4.2
"10 Prime (Phantom Black, 128 GB)","₹15,990",,4.7
"realme Narzo 30 (Racing Silver, 128 GB)","₹15,499","₹16,999",4.3
"SAMSUNG Galaxy S22 Plus 5G (Green, 128 GB)","₹59,999","₹1,01,999",4.5
Kechaoda A26,"₹1,074","₹1,190",4.1
,,,
,,,
"REDMI 9 Power (Electric Green, 128 GB)","₹12,990","₹15,999",4.3
"SAMSUNG M53 5G (Deep Ocean Blue, 128 GB)","₹23,499",,4.2
IAIR D10,"₹1,161","₹1,199",3.9
Cellecor E8,"₹1,469",,4
"SAMSUNG Galaxy A53 (Awesome Peach, 128 GB)","₹31,999","₹39,990",4.1
Micromax X378,"₹1,299",,3.9
Cellecor E5,"₹1,319",,4
Cellecor E3,"₹1,179",,3.7
"REDMI K50i (Quick Silver, 128 GB)","₹22,972",,4.2
"APPLE iPhone 13 Mini (Blue, 256 GB)","₹68,990","₹74,900",4.5
"vivo Y21 (Diamond Glow, 64 GB)","₹13,099","₹13,275",4.3
Easyfone Udaan_Plus,"₹2,790",,
Cellecor E6,"₹1,329",,3.7
Cellecor E9,"₹1,119",,3.7
"REDMI Note 10S (Frost White, 128 GB)","₹16,499","₹20,999",4.2
"OPPO A16E (White, 64 GB)","₹9,999","₹15,990",4.2
Cellecor E3+,"₹1,149",,4.2
Cellecor E2+,"₹1,119",,
"SAMSUNG GALAXY M13 5G (Midnight Blue, 128 GB)","₹15,290",,4.1
Micromax X378,₹940,,3.9
"Infinix Note 10 Pro (Nordic Secret, 256 GB)","₹16,999","₹19,999",4.2
Motorola a50,"₹1,699","₹1,999",4.1
Motorola a50,"₹1,699","₹1,999",4.1
"vivo Y75 (Dancing waves, 128 GB)","₹20,999","₹25,990",4.2
,,,
,,,
Itel ACE 2N,₹899,,4.1
Nokia 110 Dual Sim 2022,"₹1,949",,3.7
IAIR D10,"₹1,161","₹1,199",3.9
Cellecor E8,"₹1,469",,4
Kechaoda A27,"₹1,069","₹1,190",4.1
"Xiaomi 11i 5G (Purple Mist, 128 GB)","₹26,999","₹31,999",4.2
Kechaoda A27,"₹1,069","₹1,170",4.1
"APPLE iPhone 14 (Purple, 128 GB)","₹79,900",,4.6
Cellecor E5,"₹1,319",,4
PHILIPS Xenium E209,"₹1,549","₹1,949",3.8
Kechaoda A27,"₹1,075","₹1,145",4.1
"REDMI 10 Prime 2022 (Bifrost Blue, 64 GB)","₹12,490",,4.2
Cellecor E3,"₹1,179",,3.7
Cellecor E6,"₹1,329",,3.7
"Redmi 9A (Sea Blue, 32 GB)","₹8,410","₹8,525",4.3
Snexian Rock,"₹1,399",,4
GREENBERRI F1,"₹1,399","₹1,499",3.9
"Itel Vision 3 (Deep Ocean Black, 64 GB)","₹6,999","₹7,949",4
Cellecor E9,"₹1,119",,3.7
PHILIPS E125,"₹1,399",,3.5
SAMSUNG GURU MUSIC 2,"₹2,350",,4.2
"OPPO F19 Pro (Fantastic Purple, 128 GB)","₹19,490",,4.3
Cellecor E3+,"₹1,149",,4.2
Cellecor E2+,"₹1,119",,
,,,
,,,
Kechaoda K115,"₹1,135","₹1,150",4.1
Micromax X749,"₹2,499",,4.1
Kechaoda K115 PRO,"₹1,199",,4
"APPLE iPhone 14 Plus (Starlight, 256 GB)","₹99,900",,4.8
IAIR D10,"₹1,161","₹1,199",3.9
Cellecor E8,"₹1,469",,4
"POCO M2 Pro (Green and Greener, 64 GB)","₹14,999","₹17,999",4.4
"Itel A27 (Silver Purple, 32 GB)","₹5,149","₹5,599",4
Cellecor E5,"₹1,319",,4
Cellecor E3,"₹1,179",,3.7
Nuvo FLASH,₹899,,3.7
"Nokia C21 Plus (Grey, 32 GB)","₹11,049","₹11,999",3.5
"APPLE iPhone 13 Mini (Midnight, 128 GB)","₹54,990","₹64,900",4.5
Micromax X702,"₹1,235",,3.7
PHILIPS Xenium E209,"₹1,549","₹1,949",3.8
Cellecor E6,"₹1,329",,3.7
"realme C21 (Cross Blue, 64 GB)","₹10,499","₹10,999",4.4
Nokia 105DS PLUS,"₹1,536","₹1,649",4.1
Cellecor E9,"₹1,119",,3.7
Cellecor E3+,"₹1,149",,4.2
"realme Narzo 50i (Mint Green, 64 GB)","₹8,099","₹9,999",4.3
Snexian GURU 310,₹799,,3.3
Itel IT5026,"₹1,306","₹1,369",4
Itel it5026,"₹1,309",,4
,,,
,,,
IAIR D10,"₹1,161","₹1,199",3.9
Cellecor E8,"₹1,469",,4
"MOTOROLA g42 (Metallic Rose, 64 GB)","₹12,999","₹16,999",4.1
"Infinix Hot 11 2022 (Polar Black, 64 GB)","₹8,999","₹12,999",4.2
Cellecor E5,"₹1,319",,4
Cellecor E3,"₹1,179",,3.7
LAVA A1,"₹1,219",,4.2
Kechaoda K115 PRO,"₹1,198",,4
"OPPO A15S (Fancy white, 128 GB)","₹11,629","₹12,389",4.4
"SAMSUNG Galaxy A22 5G (Violet, 128 GB)","₹16,499","₹18,999",4.1
PHILIPS Xenium E209,"₹1,549","₹1,949",3.8
Cellecor E6,"₹1,329",,3.7
Kechaoda A26,"₹1,064","₹1,190",4.1
BlackZone PORSCHE 911,"₹1,469",,3.8
Cellecor E9,"₹1,119",,3.7
PHILIPS E125,"₹1,399",,3.5
Micromax X416,"₹1,070",,4
"realme 9 Pro+ 5G (Aurora Green, 256 GB)","₹28,999","₹31,999",4.4
"vivo Y21A (Diamond Glow, 64 GB)","₹13,489",,4.3
"OPPO F21S PRO (Dawnlight Gold, 128 GB)","₹21,989",,4
Cellecor E3+,"₹1,149",,4.2
Cellecor E2+,"₹1,119",,
Kechaoda A27,"₹1,059","₹1,170",4.1
"Mi 11 Lite (Vinyl Black, 128 GB)","₹21,999","₹25,999",4.2
,,,
,,,
IAIR D10,"₹1,161","₹1,199",3.9
Cellecor E8,"₹1,469",,4
"APPLE iPhone 13 Pro Max (Gold, 256 GB)","₹1,39,900",,4.6
"vivo Y21A (Diamond Glow, 64 GB)","₹13,489",,4.3
"APPLE iPhone SE (Black, 128 GB)","₹34,990","₹44,900",4.5
GREENBERRI F1,"₹1,399","₹1,499",3.9
Cellecor E5,"₹1,319",,4
Cellecor E3,"₹1,179",,3.7
GREENBERRI F1,"₹1,399","₹1,499",3.9
"REDMI Note 11 Pro (Star Blue, 128 GB)","₹20,175","₹23,990",4.2
Cellecor E6,"₹1,329",,3.7
Cellecor E9,"₹1,119",,3.7
"REDMI Note 10S (Deep Sea Blue, 128 GB)","₹16,499","₹18,999",4.4
"SAMSUNG Galaxy A33 (Awesome Black, 128 GB)","₹24,499","₹32,990",4
Kechaoda A26,"₹1,064","₹1,190",4.1
Kechaoda K115,"₹1,135","₹1,220",4.1
Cellecor E3+,"₹1,149",,4.2
Cellecor E2+,"₹1,119",,
"REDMI 9 (CarbonBlack, 128 GB)","₹10,250","₹11,990",4.2
"SAMSUNG Galaxy S22 5G (Phantom Black, 128 GB)","₹52,999",,4.5
"MOTOROLA G40 Fusion (Frosted Champagne, 64 GB)","₹14,499","₹16,999",4.2
"REDMI 9 Power (Blazing Blue, 64 GB)","₹13,490",,4.3
"OPPO A57 (Glowing Gold, 64 GB)","₹15,499",,4.4
"APPLE iPhone 14 Plus ((PRODUCT)RED, 128 GB)","₹89,900",,4.8
,,,
,,,
"realme C12 (Power Blue, 32 GB)","₹10,999",,4.4
"Infinix Hot 10S (7° Purple, 64 GB)","₹10,999","₹13,999",4.3
IAIR D10,"₹1,161","₹1,199",3.9
Cellecor E8,"₹1,469",,3.8
Kechaoda K116,"₹1,250",,3.9
"APPLE iPhone 14 Plus (Purple, 256 GB)","₹99,900",,4.8
Cellecor E5,"₹1,319",,4
PHILIPS Xenium E209,"₹1,549","₹1,949",3.8
"SAMSUNG Galaxy A03 Core (Black, 32 GB)","₹7,980",,4
"APPLE iPhone 13 Pro Max (Alpine Green, 256 GB)","₹1,39,900",,4.6
"SAMSUNG Galaxy A13 (Black, 128 GB)","₹14,999","₹19,990",4.1
LAVA Spark i8,"₹1,690",,4.1
Cellecor E3,"₹1,179",,3.7
Cellecor E6,"₹1,329",,3.7
Kechaoda K55,"₹1,280",,3.8
"SAMSUNG Galaxy F62 (Laser Blue, 128 GB)","₹25,999","₹31,999",4.3
Cellecor E9,"₹1,119",,3.7
PHILIPS E125,"₹1,399",,3.5
"SAMSUNG Galaxy F12 (Celestial Black, 128 GB)","₹11,499","₹13,999",4.3
SAREGAMA Carvaan Mobile M21 with 1500 pre-loaded songs,"₹2,490",,3.7
"SAMSUNG Galaxy A13 (Green, 128 GB)","₹14,999","₹19,990",4.1
"REDMI Note 10 (Aqua Green, 64 GB)","₹13,350","₹13,996",4.3
Cellecor E3+,"₹1,149",,4.2
Cellecor E2+,"₹1,119",,
,,,
,,,
Itel Magic3 Smart Touch Keypad,"₹1,688","₹2,099",4.1
"LG W31 (Midnight Blue, 64 GB)","₹13,000",,4.1
IAIR D10,"₹1,161","₹1,199",3.9
Cellecor E8,"₹1,469",,3.8
"OPPO Reno8 Pro 5G (Glazed Black, 256 GB)","₹45,999","₹52,999",4.4
"APPLE iPhone 14 Plus (Midnight, 256 GB)","₹99,900",,4.8
KARBONN K140 Pop,"₹1,095",,3.9
SAREGAMA Carvaan Mobile M21 with 1500 pre-loaded songs,"₹2,490",,3.7
Cellecor E5,"₹1,319",,4
Cellecor E3,"₹1,179",,3.7
"POCO F3 GT 5G (Gunmetal Silver, 128 GB)","₹28,999","₹34,999",4.3
"APPLE iPhone 14 Plus ((PRODUCT)RED, 256 GB)","₹99,900",,4.8
Cellecor E6,"₹1,329",,3.7
Cellecor E9,"₹1,119",,3.7
"vivo Y73 (Diamond Flare, 128 GB)","₹21,989",,4.4
"Itel A27 (Crystal Blue, 32 GB)","₹5,199","₹5,599",4
"OPPO A55 (Mint Green, 64 GB)","₹14,490","₹18,990",4.3
LAVA A1,"₹1,159",,4.2
Cellecor E3+,"₹1,149",,4.2
Cellecor E2+,"₹1,119",,
"Tecno Spark Go 2022 (ice silver, 32 GB)","₹6,973","₹7,557",4.2
"REDMI 9 Power (Fiery Red, 128 GB)","₹15,499",,4.3
"SAMSUNG Galaxy M32 (Black, 128 GB)","₹14,180","₹18,200",4.2
"MOTOROLA E7 Power (Tahiti Blue, 64 GB)","₹8,999","₹11,999",4.1
,,,
,,,
Itel Muzik 110,"₹1,249","₹1,299",4
"REDMI Note 11 Pro (Stealth Black, 128 GB)","₹21,290","₹21,399",4.2
Itel it5026,"₹1,347","₹1,369",4
"vivo Y20G (Purist Blue, 128 GB)","₹18,990",,4.3
IAIR D10,"₹1,161","₹1,199",3.9
Cellecor E8,"₹1,469",,4
Itel Ace2 Star,₹929,,4.4
"vivo Y22 (Starlit Blue, 64 GB)","₹14,499","₹17,990",4.2
Cellecor E5,"₹1,319",,4
Cellecor E3,"₹1,179",,3.7
"POCO C3 (Arctic Blue, 64 GB)","₹9,789",,4.3
"vivo Y22 (Starlit Blue, 128 GB)","₹16,499","₹19,990",4.4
"Xiaomi 11Lite NE (Vinyl Black, 128 GB)","₹23,990","₹25,349",4.2
Cellecor E6+,"₹1,329",,
PHILIPS Xenium E209,"₹1,549","₹1,949",3.8
Cellecor E6,"₹1,329",,3.7
Nokia 3310 DS 2020,"₹3,899",,3.9
Cellecor E6+,"₹1,329",,
Cellecor E9,"₹1,119",,3.7
PHILIPS E125,"₹1,399",,3.5
Cellecor E6+,"₹1,329",,
Snexian BOLD 1K,"₹1,099",,3.8
Snexian BOLD 1K,"₹1,099",,3.8
KARBONN K31 Star,"₹1,329",,4
,,,
,,,
IAIR D10,"₹1,161","₹1,199",3.9
Cellecor E8,"₹1,469",,4
Micromax X702,"₹1,235",,3.7
"APPLE iPhone 13 Pro Max (Sierra Blue, 512 GB)","₹1,59,900",,4.6
Cellecor E5,"₹1,319",,4
Cellecor E3,"₹1,179",,3.7
"realme GT NEO 2 (NEO Black, 256 GB)","₹35,999","₹38,999",4.4
"OPPO F17 Pro (Magic Blue, 128 GB)","₹17,990","₹25,990",4.3
"OPPO F17 Pro (Matte Black, 128 GB)","₹17,990","₹25,990",4.3
"Xiaomi 11Lite NE (Tuscany Coral, 128 GB)","₹26,890",,4.2
PHILIPS Xenium E209,"₹1,549","₹1,949",3.8
Cellecor E6,"₹1,329",,3.7
"POCO M3 Pro 5G (Cool Blue, 128 GB)","₹16,499","₹17,999",4.2
"OPPO F21 Pro (Sunset Orange, 128 GB)","₹21,999","₹27,999",4.3
Cellecor E9,"₹1,119",,3.7
Cellecor E3+,"₹1,149",,4.2
"OPPO F21 Pro (Cosmic Black, 128 GB)","₹21,999","₹27,999",4.3
"Tecno Spark 8C (Iris Purple, 64 GB)","₹8,949","₹10,149",4.3
"Tecno Spark 8C (Turquoise Cyan, 64 GB)","₹9,245","₹12,900",4.3
"Infinix Smart 5 (Morandi Green, 32 GB)","₹7,499","₹8,999",4.3
Cellecor E2+,"₹1,119",,
"REDMI NOTE 10 LITE (Aurora Blue, 64 GB)","₹13,250","₹16,990",4.3
"SAMSUNG Galaxy S22 5G (Phantom White, 128 GB)","₹53,990",,4.5
"REDMI Note 9 (Shadow Black, 64 GB)","₹11,999","₹14,999",4.3
,,,
,,,
IAIR D10,"₹1,161","₹1,199",3.9
Cellecor E8,"₹1,469",,4
Kechaoda K116,"₹1,190",,3.9
"APPLE iPhone 14 (Starlight, 128 GB)","₹79,900",,4.7
KARBONN K140 Pop,₹999,,3.9
"SAMSUNG Galaxy A22 5G (Mint, 128 GB)","₹16,389","₹18,997",4.1
Cellecor E5,"₹1,319",,4
PHILIPS Xenium E209,"₹1,549","₹1,949",3.8
Kechaoda K103,"₹1,399",,3.9
Nokia 8210 4G,"₹3,998",,3.8
Cellecor E3,"₹1,179",,3.7
Cellecor E6,"₹1,329",,3.7
Lvix L1 Magic,"₹1,099",,
"Redmi Note 11 (Space Black, 64 GB)","₹13,800",,4.2
"realme C21 (Cross Black, 32 GB)","₹9,499","₹9,999",4.4
"Realme C30 - Locked with Airtel Prepaid (Denim Black, 32 GB)","₹5,899","₹9,299",4.2
Cellecor E9,"₹1,119",,3.7
PHILIPS E125,"₹1,399",,3.5
KARBONN K2 Boom Box,₹998,,3.9
"Tecno Spark 8C (Magnet Black, 64 GB)","₹8,160",,4.2
Cellecor E3+,"₹1,149",,4.2
Cellecor E2+,"₹1,119",,
"APPLE iPhone 14 (Blue, 256 GB)","₹89,900",,4.7
"realme 8 5G (Supersonic Blue, 128 GB)","₹16,499","₹16,999",4.3
,,,
,,,
